<?xml version = '1.0' encoding = 'ISO-8859-1' ?>
<XMI xmi.version = '1.2' xmlns:UML = 'org.omg.xmi.namespace.UML' timestamp = 'Thu Nov 13 20:19:11 CET 2003'>
  <XMI.header>
    <XMI.documentation>
      <XMI.exporter>Netbeans XMI Writer</XMI.exporter>
      <XMI.exporterVersion>1.0</XMI.exporterVersion>
    </XMI.documentation>
  </XMI.header>
  <XMI.content>
    <UML:Package xmi.id = 'a1' name = 'SimpleUmlMM' visibility = 'public' isSpecification = 'false'
      isRoot = 'false' isLeaf = 'false' isAbstract = 'false'>
      <UML:ModelElement.stereotype>
        <UML:Stereotype xmi.idref = 'a2'/>
      </UML:ModelElement.stereotype>
      <UML:ModelElement.taggedValue>
        <UML:TaggedValue xmi.id = 'a3' isSpecification = 'false'>
          <UML:TaggedValue.dataValue>C:\dvojtise\tmp\SimpleUmlMM_MOF.xml\Objing;</UML:TaggedValue.dataValue>
          <UML:TaggedValue.type>
            <UML:TagDefinition xmi.idref = 'a4'/>
          </UML:TaggedValue.type>
        </UML:TaggedValue>
      </UML:ModelElement.taggedValue>
      <UML:Namespace.ownedElement>
        <UML:Class xmi.id = 'a5' name = 'PrimitiveDataType' visibility = 'public'
          isSpecification = 'false' isRoot = 'false' isLeaf = 'false' isAbstract = 'false'
          isActive = 'false'>
          <UML:ModelElement.taggedValue>
            <UML:TaggedValue xmi.id = 'a6' isSpecification = 'false'>
              <UML:TaggedValue.dataValue>SimpleUml\PrimitiveDataType.bmp\Objing;</UML:TaggedValue.dataValue>
              <UML:TaggedValue.type>
                <UML:TagDefinition xmi.idref = 'a7'/>
              </UML:TaggedValue.type>
            </UML:TaggedValue>
          </UML:ModelElement.taggedValue>
          <UML:GeneralizableElement.generalization>
            <UML:Generalization xmi.idref = 'a8'/>
          </UML:GeneralizableElement.generalization>
          <UML:Namespace.ownedElement>
            <UML:Generalization xmi.id = 'a8' name = 'Generalization' isSpecification = 'false'>
              <UML:Generalization.child>
                <UML:Class xmi.idref = 'a5'/>
              </UML:Generalization.child>
              <UML:Generalization.parent>
                <UML:Class xmi.idref = 'a9'/>
              </UML:Generalization.parent>
            </UML:Generalization>
          </UML:Namespace.ownedElement>
        </UML:Class>
        <UML:Class xmi.id = 'a10' name = 'Class' visibility = 'public' isSpecification = 'false'
          isRoot = 'false' isLeaf = 'false' isAbstract = 'false' isActive = 'false'>
          <UML:ModelElement.taggedValue>
            <UML:TaggedValue xmi.id = 'a11' isSpecification = 'false'>
              <UML:TaggedValue.dataValue>SimpleUml\Class.bmp\Objing;</UML:TaggedValue.dataValue>
              <UML:TaggedValue.type>
                <UML:TagDefinition xmi.idref = 'a12'/>
              </UML:TaggedValue.type>
            </UML:TaggedValue>
          </UML:ModelElement.taggedValue>
          <UML:GeneralizableElement.generalization>
            <UML:Generalization xmi.idref = 'a13'/>
          </UML:GeneralizableElement.generalization>
          <UML:Namespace.ownedElement>
            <UML:Generalization xmi.id = 'a13' name = 'Generalization' isSpecification = 'false'>
              <UML:Generalization.child>
                <UML:Class xmi.idref = 'a10'/>
              </UML:Generalization.child>
              <UML:Generalization.parent>
                <UML:Class xmi.idref = 'a9'/>
              </UML:Generalization.parent>
            </UML:Generalization>
          </UML:Namespace.ownedElement>
        </UML:Class>
        <UML:Class xmi.id = 'a14' name = 'Attribute' visibility = 'public' isSpecification = 'false'
          isRoot = 'false' isLeaf = 'false' isAbstract = 'false' isActive = 'false'>
          <UML:ModelElement.taggedValue>
            <UML:TaggedValue xmi.id = 'a15' isSpecification = 'false'>
              <UML:TaggedValue.dataValue>SimpleUml\Attribute.bmp\Objing;</UML:TaggedValue.dataValue>
              <UML:TaggedValue.type>
                <UML:TagDefinition xmi.idref = 'a16'/>
              </UML:TaggedValue.type>
            </UML:TaggedValue>
          </UML:ModelElement.taggedValue>
          <UML:GeneralizableElement.generalization>
            <UML:Generalization xmi.idref = 'a17'/>
          </UML:GeneralizableElement.generalization>
          <UML:Namespace.ownedElement>
            <UML:Generalization xmi.id = 'a17' name = 'Generalization' isSpecification = 'false'>
              <UML:Generalization.child>
                <UML:Class xmi.idref = 'a14'/>
              </UML:Generalization.child>
              <UML:Generalization.parent>
                <UML:Class xmi.idref = 'a18'/>
              </UML:Generalization.parent>
            </UML:Generalization>
          </UML:Namespace.ownedElement>
        </UML:Class>
        <UML:Class xmi.id = 'a19' name = 'Association' visibility = 'public' isSpecification = 'false'
          isRoot = 'false' isLeaf = 'false' isAbstract = 'false' isActive = 'false'>
          <UML:ModelElement.taggedValue>
            <UML:TaggedValue xmi.id = 'a20' isSpecification = 'false'>
              <UML:TaggedValue.dataValue>SimpleUml\Association.bmp\Objing;</UML:TaggedValue.dataValue>
              <UML:TaggedValue.type>
                <UML:TagDefinition xmi.idref = 'a21'/>
              </UML:TaggedValue.type>
            </UML:TaggedValue>
          </UML:ModelElement.taggedValue>
          <UML:GeneralizableElement.generalization>
            <UML:Generalization xmi.idref = 'a22'/>
          </UML:GeneralizableElement.generalization>
          <UML:Namespace.ownedElement>
            <UML:Generalization xmi.id = 'a22' name = 'Generalization' isSpecification = 'false'>
              <UML:Generalization.child>
                <UML:Class xmi.idref = 'a19'/>
              </UML:Generalization.child>
              <UML:Generalization.parent>
                <UML:Class xmi.idref = 'a18'/>
              </UML:Generalization.parent>
            </UML:Generalization>
          </UML:Namespace.ownedElement>
        </UML:Class>
        <UML:Class xmi.id = 'a18' name = 'ModelElement' visibility = 'public' isSpecification = 'false'
          isRoot = 'false' isLeaf = 'false' isAbstract = 'true' isActive = 'false'>
          <UML:ModelElement.taggedValue>
            <UML:TaggedValue xmi.id = 'a23' isSpecification = 'false'>
              <UML:TaggedValue.dataValue>SimpleUml\ModelElement.bmp\Objing;</UML:TaggedValue.dataValue>
              <UML:TaggedValue.type>
                <UML:TagDefinition xmi.idref = 'a24'/>
              </UML:TaggedValue.type>
            </UML:TaggedValue>
          </UML:ModelElement.taggedValue>
          <UML:Classifier.feature>
            <UML:Attribute xmi.id = 'a25' name = 'name' visibility = 'private' isSpecification = 'false'
              ownerScope = 'instance' changeability = 'changeable'>
              <UML:StructuralFeature.multiplicity>
                <UML:Multiplicity xmi.id = 'a26'>
                  <UML:Multiplicity.range>
                    <UML:MultiplicityRange xmi.id = 'a27' lower = '1' upper = '1'/>
                  </UML:Multiplicity.range>
                </UML:Multiplicity>
              </UML:StructuralFeature.multiplicity>
              <UML:Attribute.initialValue>
                <UML:Expression xmi.id = 'a28' language = '' body = ''/>
              </UML:Attribute.initialValue>
              <UML:StructuralFeature.type>
                <UML:DataType xmi.idref = 'a29'/>
              </UML:StructuralFeature.type>
            </UML:Attribute>
            <UML:Attribute xmi.id = 'a30' name = 'kind' visibility = 'private' isSpecification = 'false'
              ownerScope = 'instance' changeability = 'changeable'>
              <UML:StructuralFeature.multiplicity>
                <UML:Multiplicity xmi.id = 'a31'>
                  <UML:Multiplicity.range>
                    <UML:MultiplicityRange xmi.id = 'a32' lower = '1' upper = '1'/>
                  </UML:Multiplicity.range>
                </UML:Multiplicity>
              </UML:StructuralFeature.multiplicity>
              <UML:Attribute.initialValue>
                <UML:Expression xmi.id = 'a33' language = '' body = ''/>
              </UML:Attribute.initialValue>
              <UML:StructuralFeature.type>
                <UML:DataType xmi.idref = 'a29'/>
              </UML:StructuralFeature.type>
            </UML:Attribute>
            <UML:Operation xmi.id = 'a34' name = 'get_name' isSpecification = 'false'
              isQuery = 'false' isRoot = 'false' isLeaf = 'false' isAbstract = 'false'>
              <UML:BehavioralFeature.parameter>
                <UML:Parameter xmi.id = 'a35' isSpecification = 'false' kind = 'return'>
                  <UML:Parameter.type>
                    <UML:DataType xmi.idref = 'a29'/>
                  </UML:Parameter.type>
                </UML:Parameter>
              </UML:BehavioralFeature.parameter>
            </UML:Operation>
            <UML:Method xmi.id = 'a36' isSpecification = 'false' isQuery = 'false'>
              <UML:Method.body>
                <UML:ProcedureExpression xmi.id = 'a37' language = 'java' body = 'return name;'/>
              </UML:Method.body>
              <UML:Method.specification>
                <UML:Operation xmi.idref = 'a34'/>
              </UML:Method.specification>
            </UML:Method>
            <UML:Operation xmi.id = 'a38' name = 'set_name' isSpecification = 'false'
              isQuery = 'false' isRoot = 'false' isLeaf = 'false' isAbstract = 'false'>
              <UML:BehavioralFeature.parameter>
                <UML:Parameter xmi.id = 'a39' name = '_name' isSpecification = 'false' kind = 'in'>
                  <UML:Parameter.type>
                    <UML:DataType xmi.idref = 'a29'/>
                  </UML:Parameter.type>
                </UML:Parameter>
              </UML:BehavioralFeature.parameter>
            </UML:Operation>
            <UML:Method xmi.id = 'a40' isSpecification = 'false' isQuery = 'false'>
              <UML:Method.body>
                <UML:ProcedureExpression xmi.id = 'a41' language = 'java' body = 'name = _name;'/>
              </UML:Method.body>
              <UML:Method.specification>
                <UML:Operation xmi.idref = 'a38'/>
              </UML:Method.specification>
            </UML:Method>
            <UML:Operation xmi.id = 'a42' name = 'get_kind' isSpecification = 'false'
              isQuery = 'false' isRoot = 'false' isLeaf = 'false' isAbstract = 'false'>
              <UML:BehavioralFeature.parameter>
                <UML:Parameter xmi.id = 'a43' isSpecification = 'false' kind = 'return'>
                  <UML:Parameter.type>
                    <UML:DataType xmi.idref = 'a29'/>
                  </UML:Parameter.type>
                </UML:Parameter>
              </UML:BehavioralFeature.parameter>
            </UML:Operation>
            <UML:Method xmi.id = 'a44' isSpecification = 'false' isQuery = 'false'>
              <UML:Method.body>
                <UML:ProcedureExpression xmi.id = 'a45' language = 'java' body = 'return kind;'/>
              </UML:Method.body>
              <UML:Method.specification>
                <UML:Operation xmi.idref = 'a42'/>
              </UML:Method.specification>
            </UML:Method>
            <UML:Operation xmi.id = 'a46' name = 'set_kind' isSpecification = 'false'
              isQuery = 'false' isRoot = 'false' isLeaf = 'false' isAbstract = 'false'>
              <UML:BehavioralFeature.parameter>
                <UML:Parameter xmi.id = 'a47' name = '_kind' isSpecification = 'false' kind = 'in'>
                  <UML:Parameter.type>
                    <UML:DataType xmi.idref = 'a29'/>
                  </UML:Parameter.type>
                </UML:Parameter>
              </UML:BehavioralFeature.parameter>
            </UML:Operation>
            <UML:Method xmi.id = 'a48' isSpecification = 'false' isQuery = 'false'>
              <UML:Method.body>
                <UML:ProcedureExpression xmi.id = 'a49' language = 'java' body = 'kind = _kind;'/>
              </UML:Method.body>
              <UML:Method.specification>
                <UML:Operation xmi.idref = 'a46'/>
              </UML:Method.specification>
            </UML:Method>
          </UML:Classifier.feature>
        </UML:Class>
        <UML:Class xmi.id = 'a9' name = 'Classifier' visibility = 'public' isSpecification = 'false'
          isRoot = 'false' isLeaf = 'false' isAbstract = 'true' isActive = 'false'>
          <UML:GeneralizableElement.generalization>
            <UML:Generalization xmi.idref = 'a50'/>
          </UML:GeneralizableElement.generalization>
          <UML:Namespace.ownedElement>
            <UML:Generalization xmi.id = 'a50' name = 'Generalization' isSpecification = 'false'>
              <UML:Generalization.child>
                <UML:Class xmi.idref = 'a9'/>
              </UML:Generalization.child>
              <UML:Generalization.parent>
                <UML:Class xmi.idref = 'a18'/>
              </UML:Generalization.parent>
            </UML:Generalization>
          </UML:Namespace.ownedElement>
        </UML:Class>
        <UML:Association xmi.id = 'a51' name = 'owner_attribute' isSpecification = 'false'
          isRoot = 'false' isLeaf = 'false' isAbstract = 'false'>
          <UML:Association.connection>
            <UML:AssociationEnd xmi.id = 'a52' name = 'attribute' visibility = 'public'
              isSpecification = 'false' isNavigable = 'true' ordering = 'unordered' aggregation = 'none'
              targetScope = 'instance' changeability = 'changeable'>
              <UML:AssociationEnd.multiplicity>
                <UML:Multiplicity xmi.id = 'a53'>
                  <UML:Multiplicity.range>
                    <UML:MultiplicityRange xmi.id = 'a54' lower = '0' upper = '-1'/>
                  </UML:Multiplicity.range>
                </UML:Multiplicity>
              </UML:AssociationEnd.multiplicity>
              <UML:AssociationEnd.participant>
                <UML:Class xmi.idref = 'a14'/>
              </UML:AssociationEnd.participant>
            </UML:AssociationEnd>
            <UML:AssociationEnd xmi.id = 'a55' name = 'owner' visibility = 'public'
              isSpecification = 'false' isNavigable = 'false' ordering = 'unordered' aggregation = 'composite'
              targetScope = 'instance' changeability = 'changeable'>
              <UML:AssociationEnd.multiplicity>
                <UML:Multiplicity xmi.id = 'a56'>
                  <UML:Multiplicity.range>
                    <UML:MultiplicityRange xmi.id = 'a57' lower = '0' upper = '1'/>
                  </UML:Multiplicity.range>
                </UML:Multiplicity>
              </UML:AssociationEnd.multiplicity>
              <UML:AssociationEnd.participant>
                <UML:Class xmi.idref = 'a10'/>
              </UML:AssociationEnd.participant>
            </UML:AssociationEnd>
          </UML:Association.connection>
        </UML:Association>
        <UML:Association xmi.id = 'a58' name = 'source_forward' isSpecification = 'false'
          isRoot = 'false' isLeaf = 'false' isAbstract = 'false'>
          <UML:Association.connection>
            <UML:AssociationEnd xmi.id = 'a59' name = 'forward' visibility = 'public'
              isSpecification = 'false' isNavigable = 'true' ordering = 'unordered' aggregation = 'none'
              targetScope = 'instance' changeability = 'changeable'>
              <UML:AssociationEnd.multiplicity>
                <UML:Multiplicity xmi.id = 'a60'>
                  <UML:Multiplicity.range>
                    <UML:MultiplicityRange xmi.id = 'a61' lower = '0' upper = '-1'/>
                  </UML:Multiplicity.range>
                </UML:Multiplicity>
              </UML:AssociationEnd.multiplicity>
              <UML:AssociationEnd.participant>
                <UML:Class xmi.idref = 'a19'/>
              </UML:AssociationEnd.participant>
            </UML:AssociationEnd>
            <UML:AssociationEnd xmi.id = 'a62' name = 'source' visibility = 'public'
              isSpecification = 'false' isNavigable = 'true' ordering = 'unordered' aggregation = 'none'
              targetScope = 'instance' changeability = 'changeable'>
              <UML:AssociationEnd.multiplicity>
                <UML:Multiplicity xmi.id = 'a63'>
                  <UML:Multiplicity.range>
                    <UML:MultiplicityRange xmi.id = 'a64' lower = '1' upper = '1'/>
                  </UML:Multiplicity.range>
                </UML:Multiplicity>
              </UML:AssociationEnd.multiplicity>
              <UML:AssociationEnd.participant>
                <UML:Class xmi.idref = 'a10'/>
              </UML:AssociationEnd.participant>
            </UML:AssociationEnd>
          </UML:Association.connection>
        </UML:Association>
        <UML:Association xmi.id = 'a65' name = 'destination_reverse' isSpecification = 'false'
          isRoot = 'false' isLeaf = 'false' isAbstract = 'false'>
          <UML:Association.connection>
            <UML:AssociationEnd xmi.id = 'a66' name = 'reverse' visibility = 'public'
              isSpecification = 'false' isNavigable = 'true' ordering = 'unordered' aggregation = 'none'
              targetScope = 'instance' changeability = 'changeable'>
              <UML:AssociationEnd.multiplicity>
                <UML:Multiplicity xmi.id = 'a67'>
                  <UML:Multiplicity.range>
                    <UML:MultiplicityRange xmi.id = 'a68' lower = '0' upper = '-1'/>
                  </UML:Multiplicity.range>
                </UML:Multiplicity>
              </UML:AssociationEnd.multiplicity>
              <UML:AssociationEnd.participant>
                <UML:Class xmi.idref = 'a19'/>
              </UML:AssociationEnd.participant>
            </UML:AssociationEnd>
            <UML:AssociationEnd xmi.id = 'a69' name = 'destination' visibility = 'public'
              isSpecification = 'false' isNavigable = 'true' ordering = 'unordered' aggregation = 'none'
              targetScope = 'instance' changeability = 'changeable'>
              <UML:AssociationEnd.multiplicity>
                <UML:Multiplicity xmi.id = 'a70'>
                  <UML:Multiplicity.range>
                    <UML:MultiplicityRange xmi.id = 'a71' lower = '1' upper = '1'/>
                  </UML:Multiplicity.range>
                </UML:Multiplicity>
              </UML:AssociationEnd.multiplicity>
              <UML:AssociationEnd.participant>
                <UML:Class xmi.idref = 'a10'/>
              </UML:AssociationEnd.participant>
            </UML:AssociationEnd>
          </UML:Association.connection>
        </UML:Association>
        <UML:Association xmi.id = 'a72' name = 'typed_type' isSpecification = 'false'
          isRoot = 'false' isLeaf = 'false' isAbstract = 'false'>
          <UML:Association.connection>
            <UML:AssociationEnd xmi.id = 'a73' name = 'type' visibility = 'public' isSpecification = 'false'
              isNavigable = 'true' ordering = 'unordered' aggregation = 'none' targetScope = 'instance'
              changeability = 'changeable'>
              <UML:AssociationEnd.multiplicity>
                <UML:Multiplicity xmi.id = 'a74'>
                  <UML:Multiplicity.range>
                    <UML:MultiplicityRange xmi.id = 'a75' lower = '1' upper = '1'/>
                  </UML:Multiplicity.range>
                </UML:Multiplicity>
              </UML:AssociationEnd.multiplicity>
              <UML:AssociationEnd.participant>
                <UML:Class xmi.idref = 'a9'/>
              </UML:AssociationEnd.participant>
            </UML:AssociationEnd>
            <UML:AssociationEnd xmi.id = 'a76' name = 'typed' visibility = 'public'
              isSpecification = 'false' isNavigable = 'true' ordering = 'unordered' aggregation = 'none'
              targetScope = 'instance' changeability = 'changeable'>
              <UML:AssociationEnd.multiplicity>
                <UML:Multiplicity xmi.id = 'a77'>
                  <UML:Multiplicity.range>
                    <UML:MultiplicityRange xmi.id = 'a78' lower = '0' upper = '-1'/>
                  </UML:Multiplicity.range>
                </UML:Multiplicity>
              </UML:AssociationEnd.multiplicity>
              <UML:AssociationEnd.participant>
                <UML:Class xmi.idref = 'a14'/>
              </UML:AssociationEnd.participant>
            </UML:AssociationEnd>
          </UML:Association.connection>
        </UML:Association>
        <UML:Stereotype xmi.id = 'a2' name = 'metamodel' isSpecification = 'false'
          isRoot = 'false' isLeaf = 'false' isAbstract = 'false' icon = ''>
          <UML:Stereotype.baseClass>Package</UML:Stereotype.baseClass>
        </UML:Stereotype>
        <UML:DataType xmi.id = 'a29' name = 'String' visibility = 'public' isSpecification = 'false'
          isRoot = 'false' isLeaf = 'false' isAbstract = 'false'/>
        <UML:DataType xmi.id = 'a79' name = 'Char' visibility = 'public' isSpecification = 'false'
          isRoot = 'false' isLeaf = 'false' isAbstract = 'false'/>
        <UML:DataType xmi.id = 'a80' name = 'Integer' visibility = 'public' isSpecification = 'false'
          isRoot = 'false' isLeaf = 'false' isAbstract = 'false'/>
        <UML:DataType xmi.id = 'a81' name = 'Real' visibility = 'public' isSpecification = 'false'
          isRoot = 'false' isLeaf = 'false' isAbstract = 'false'/>
        <UML:DataType xmi.id = 'a82' name = 'Boolean' visibility = 'public' isSpecification = 'false'
          isRoot = 'false' isLeaf = 'false' isAbstract = 'false'/>
        <UML:DataType xmi.id = 'a83' name = 'Undefined' visibility = 'public' isSpecification = 'false'
          isRoot = 'false' isLeaf = 'false' isAbstract = 'false'/>
      </UML:Namespace.ownedElement>
    </UML:Package>
    <UML:TagDefinition xmi.id = 'a4' isSpecification = 'false' tagType = 'mof'/>
    <UML:TagDefinition xmi.id = 'a7' isSpecification = 'false' tagType = 'icon'/>
    <UML:TagDefinition xmi.id = 'a12' isSpecification = 'false' tagType = 'icon'/>
    <UML:TagDefinition xmi.id = 'a16' isSpecification = 'false' tagType = 'icon'/>
    <UML:TagDefinition xmi.id = 'a21' isSpecification = 'false' tagType = 'icon'/>
    <UML:TagDefinition xmi.id = 'a24' isSpecification = 'false' tagType = 'icon'/>
  </XMI.content>
</XMI>
